Entity,CodeYear,Population (historical estimates),ROUND GDP,GDP/POPULATION,EDU Exp. Per Person Absolute
Albania,ALB2005,3032636,8052077248,2655,87
Albania,ALB2006,3003391,8896075005,2962,95
Albania,ALB2007,2976089,10677324853,3588,118
Albania,ALB2008,2951690,12881352894,4364,153
Albania,ALB2010,2913402,11926926616,4094,140
Albania,ALB2011,2900660,12890760315,4444,144
Albania,ALB2012,2892191,12319834195,4260,141
Albania,ALB2013,2887019,12776224497,4425,157
Albania,ALB2014,2884100,13228147516,4587,148
Albania,ALB2015,2882482,11386853113,3950,136
Albania,ALB2016,2881064,11861199831,4117,163
Albania,ALB2017,2879361,13019726212,4522,163
Albania,ALB2018,2877019,15156424015,5268,166
Albania,ALB2019,2873883,15401826127,5359,210
Albania,ALB2020,2866850,15162734205,5289,177
Albania,ALB2021,2854710,17930565119,6281,190
Argentina,ARG2000,37070772,284203750000,7667,351
Argentina,ARG2001,37480492,268696750000,7169,347
Argentina,ARG2002,37885024,97724004252,2579,104
Argentina,ARG2003,38278164,127586973492,3333,118
Argentina,ARG2004,38668796,164657930453,4258,148
Argentina,ARG2005,39070504,198737095012,5087,196
Argentina,ARG2006,39476856,232557260817,5891,243
Argentina,ARG2007,39876116,287530508431,7211,322
Argentina,ARG2008,40273768,361558037110,8978,435
Argentina,ARG2009,40684344,332976484578,8184,453
Argentina,ARG2010,41100124,423627422092,10307,517
Argentina,ARG2011,41520736,530158122010,12769,676
Argentina,ARG2012,41952364,545982375701,13014,696
Argentina,ARG2013,42388268,552025140252,13023,708
Argentina,ARG2014,42824064,526319673732,12290,659
Argentina,ARG2015,43257064,594749285413,13749,794
Argentina,ARG2016,43668236,557532320663,12767,708
Argentina,ARG2017,44054616,643628393281,14610,797
Argentina,ARG2018,44413592,524819892360,11817,576
Argentina,ARG2019,44745516,447754683615,10007,478
Argentina,ARG2020,45036032,385740508437,8565,452
Argentina,ARG2021,45276788,487902572164,10776,501
Australia,AUS2000,19017968,416167815093,21883,1069
Australia,AUS2005,20171732,695692898677,34489,1689
Australia,AUS2006,20467032,748417562770,36567,1733
Australia,AUS2007,20830832,855007458585,41045,1910
Australia,AUS2008,21247876,1056112427190,49704,2302
Australia,AUS2009,21660898,928762122698,42877,2179
Australia,AUS2010,22019166,1148890200292,52177,2890
Australia,AUS2011,22357032,1398701323030,62562,3171
Australia,AUS2012,22729272,1547649835733,68091,3314
Australia,AUS2013,23111788,1577301840200,68247,3569
Australia,AUS2014,23469578,1468597690006,62575,3232
Australia,AUS2015,23820240,1351768945139,56749,3016
Australia,AUS2016,24195706,1207580901579,49909,2639
Australia,AUS2017,24590336,1326882104817,53959,2773
Australia,AUS2018,24979228,1429733668186,57237,2933
Australia,AUS2019,25357168,1394671325961,55001,2824
Australia,AUS2020,25670052,1330381544909,51826,2907
Australia,AUS2021,25921094,1559033756285,60145,3446
Austria,AUT2000,8010425,197289625480,24629,1376
Austria,AUT2001,8039633,197508773215,24567,1370
Austria,AUT2002,8078994,214394866675,26537,1465
Austria,AUT2003,8120105,262273631180,32299,1732
Austria,AUT2004,8171215,301457562039,36893,1956
Austria,AUT2005,8227034,316092273276,38421,2017
Austria,AUT2006,8267771,336280064332,40674,2126
Austria,AUT2007,8294720,389185571506,46920,2415
Austria,AUT2008,8321134,432051935643,51922,2733
Austria,AUT2009,8342939,401758735822,48156,2759
Austria,AUT2010,8362829,392275107259,46907,2674
Austria,AUT2011,8391201,431685217368,51445,2877
Austria,AUT2012,8429641,409401816051,48567,2662
Austria,AUT2013,8479542,430190979706,50733,2814
Austria,AUT2014,8546066,442584815286,51788,2821
Austria,AUT2015,8642422,381971148531,44197,2412
Austria,AUT2016,8736491,395837353031,45309,2483
Austria,AUT2017,8797497,417261151845,47430,2548
Austria,AUT2018,8840518,454991174096,51467,2690
Austria,AUT2019,8879939,444596155845,50067,2612
Austria,AUT2020,8907780,435049316956,48839,2720
Austria,AUT2021,8922086,479295362747,53720,2665
Belgium,BEL2005,10516979,385714762230,36675,2126
Belgium,BEL2006,10582970,408259840869,38577,2171
Belgium,BEL2007,10653698,470922156309,44203,2440
Belgium,BEL2008,10726720,517328087920,48228,3054
Belgium,BEL2009,10801357,483254171098,44740,2889
Belgium,BEL2010,10877948,481420882905,44257,2851
Belgium,BEL2011,10955742,523330354138,47768,3072
Belgium,BEL2012,11031140,496152879925,44977,2816
Belgium,BEL2013,11103260,521791015247,46994,3116
Belgium,BEL2014,11176727,535390200131,47902,3157
Belgium,BEL2015,11248306,462335574841,41103,2652
Belgium,BEL2016,11316837,476062757357,42067,2718
Belgium,BEL2017,11384491,502764720556,44162,2838
Belgium,BEL2018,11448598,543299066999,47456,3028
Belgium,BEL2019,11510569,535865804350,46554,2949
Belgium,BEL2020,11561716,526021513474,45497,3099
Belgium,BEL2021,11611416,600904461226,51751,3214
Brazil,BRA2000,175873712,655448231984,3727,147
Brazil,BRA2001,178211888,559983634799,3142,121
Brazil,BRA2002,180476688,509795273807,2825,106
Brazil,BRA2004,184722048,669289424806,3623,144
Brazil,BRA2005,186797344,891633839853,4773,214
Brazil,BRA2006,188820688,1107626541711,5866,286
Brazil,BRA2007,190779456,1397114486471,7323,364
Brazil,BRA2008,192672320,1695855083552,8802,464
Brazil,BRA2009,194517552,1666996438681,8570,468
Brazil,BRA2010,196353504,2208837745214,11249,635
Brazil,BRA2011,198185296,2616156223977,13201,757
Brazil,BRA2012,199977712,2465227803012,12328,722
Brazil,BRA2013,201721776,2472819535743,12259,716
Brazil,BRA2014,203459648,2456043727199,12071,718
Brazil,BRA2015,205188208,1802212206905,8783,548
Brazil,BRA2016,206859584,1795693482653,8681,548
Brazil,BRA2017,208504960,2063514977334,9897,626
Brazil,BRA2018,210166592,1916933898038,9121,555
Brazil,BRA2019,211782880,1873288205186,8845,527
Brazil,BRA2020,213196304,1476107231194,6924,400
Bulgaria,BGR2001,8034863,14183446026,1765,60
Bulgaria,BGR2002,7974804,16403043850,2057,70
Bulgaria,BGR2003,7917745,21144957990,2671,107
Bulgaria,BGR2004,7865314,26157743369,3326,77
Bulgaria,BGR2005,7815221,29868657858,3822,157
Bulgaria,BGR2006,7766040,34380536496,4427,173
Bulgaria,BGR2007,7719035,44432811756,5756,212
Bulgaria,BGR2008,7674912,54480684188,7099,299
Bulgaria,BGR2009,7634737,52023801230,6814,291
Bulgaria,BGR2010,7592271,50760929303,6686,258
Bulgaria,BGR2011,7543128,57737040780,7654,271
Bulgaria,BGR2012,7488347,54288135059,7250,252
Bulgaria,BGR2013,7431169,55852123990,7516,305
Bulgaria,BGR2014,7372142,57157782910,7753,316
Bulgaria,BGR2015,7309255,50811995689,6952,272
Bulgaria,BGR2016,7245982,53964253212,7447,253
Bulgaria,BGR2017,7182430,59309748166,8258,337
Bulgaria,BGR2018,7117424,66370132238,9325,377
Bulgaria,BGR2019,7052536,68881010246,9767,410
Bulgaria,BGR2020,6979181,70368758395,10083,454
Bulgaria,BGR2021,6885864,84041493016,12205,524
Canada,CAN2008,33218542,1552989690722,46751,2163
Canada,CAN2009,33593920,1374625142157,40919,1981
Canada,CAN2010,33963416,1617343367486,47620,2551
Canada,CAN2011,34323536,1793326630175,52248,2749
Canada,CAN2012,34691876,1828366481522,52703,2473
Canada,CAN2013,35063696,1846597421835,52664,2417
Canada,CAN2014,35404616,1805749878440,51003,2470
Canada,CAN2015,35732120,1556508816217,43560,2064
Canada,CAN2016,36113532,1527994741907,42311,2038
Canada,CAN2017,36554344,1649265644244,45118,2238
Canada,CAN2018,37035260,1725329192783,46586,2278
Canada,CAN2019,37522584,1743725183673,46471,2218
Canada,CAN2020,37888704,1655684730000,43699,2136
Canada,CAN2021,38155012,2007472181464,52614,2417
Chile,CHL2000,15351803,78339750722,5103,192
Chile,CHL2002,15693798,70264045939,4477,181
Chile,CHL2003,15859114,76492579644,4823,189
Chile,CHL2004,16017966,99075985773,6185,219
Chile,CHL2005,16175315,122294145163,7561,248
Chile,CHL2006,16334573,153843518171,9418,286
Chile,CHL2007,16495543,172491076034,10457,338
Chile,CHL2008,16661463,179894594476,10797,409
Chile,CHL2009,16833450,171777900623,10205,434
Chile,CHL2010,17004166,217051209240,12765,535
Chile,CHL2011,17173568,251382573886,14638,595
Chile,CHL2013,17509926,277395018837,15842,721
Chile,CHL2014,17687108,259560978232,14675,697
Chile,CHL2015,17870122,242450355828,13567,665
Chile,CHL2016,18083880,249344863933,13788,740
Chile,CHL2017,18368582,276154259987,15034,817
Chile,CHL2018,18701452,295857562992,15820,866
Chile,CHL2019,19039484,278285058719,14616,821
Chile,CHL2020,19300318,254042159309,13163,740
Colombia,COL2000,39215136,99875074951,2547,89
Colombia,COL2001,39837876,98200641203,2465,91
Colombia,COL2002,40454056,97945812803,2421,103
Colombia,COL2003,41057688,94644969157,2305,100
Colombia,COL2004,41648272,117092416666,2811,115
Colombia,COL2005,42220944,145600529606,3449,139
Colombia,COL2006,42772912,161792958905,3783,148
Colombia,COL2007,43306592,206229540926,4762,194
Colombia,COL2008,43815316,242504150473,5535,218
Colombia,COL2009,44313916,232468663110,5246,251
Colombia,COL2010,44816104,286498534095,6393,309
Colombia,COL2011,45308896,334966134805,7393,330
Colombia,COL2012,45782420,370691143018,8097,354
Colombia,COL2013,46237928,382093697078,8264,403
Colombia,COL2014,46677944,381240864422,8167,378
Colombia,COL2015,47119728,293492370193,6229,278
Colombia,COL2016,47625960,282720100286,5936,266
Colombia,COL2017,48351668,311866875157,6450,293
Colombia,COL2018,49276968,334198218098,6782,302
Colombia,COL2019,50187404,323031701193,6437,290
Colombia,COL2020,50930656,270348342541,5308,280
Croatia,HRV2002,4482874,26757989561,5969,228
Croatia,HRV2003,4461141,35256066456,7903,306
Croatia,HRV2004,4443351,41855195585,9420,360
Croatia,HRV2005,4429687,45025679590,10165,546
Croatia,HRV2006,4417562,49601653625,11228,562
Croatia,HRV2007,4405542,59320099745,13465,536
Croatia,HRV2008,4393666,68526332324,15597,669
Croatia,HRV2009,4382142,62093280554,14170,622
Croatia,HRV2010,4368680,58836405999,13468,569
Croatia,HRV2011,4351838,62772620899,14424,595
Croatia,HRV2012,4331592,57411354938,13254,692
Croatia,HRV2013,4308854,59589170668,13829,628
Croatia,HRV2014,4283968,59489433515,13887,719
Croatia,HRV2015,4254821,51011170112,11989,596
Croatia,HRV2016,4223748,52740059263,12487,611
Croatia,HRV2017,4192468,56322449844,13434,522
Croatia,HRV2018,4160488,61861145806,14869,587
Croatia,HRV2019,4129749,61867157679,14981,592
Croatia,HRV2020,4096872,58221300898,14211,630
Croatia,HRV2021,4060139,69602166351,17143,892
Czechia,CZE2000,10234712,61828166496,6041,220
Czechia,CZE2001,10230273,67808032980,6628,247
Czechia,CZE2002,10238170,82196001051,8028,318
Czechia,CZE2003,10248039,100090467581,9767,402
Czechia,CZE2004,10261003,119814434354,11677,466
Czechia,CZE2005,10280122,137143471328,13341,516
Czechia,CZE2006,10304822,156264095665,15164,636
Czechia,CZE2007,10337831,190183800884,18397,708
Czechia,CZE2008,10378586,236816485763,22818,850
Czechia,CZE2009,10421515,207434296805,19904,825
Czechia,CZE2010,10464750,209069940963,19978,806
Czechia,CZE2011,10496379,229562733399,21871,928
Czechia,CZE2012,10511065,208857719321,19870,839
Czechia,CZE2013,10514547,211685616593,20133,815
Czechia,CZE2014,10517178,209358834156,19906,789
Czechia,CZE2015,10523801,188033050460,17867,1028
Czechia,CZE2016,10527584,196272068576,18644,1035
Czechia,CZE2017,10531315,218628940952,20760,790
Czechia,CZE2018,10534598,249000540729,23636,1008
Czechia,CZE2019,10536876,252548179965,23968,1089
Czechia,CZE2020,10530951,245974558654,23357,1103
Czechia,CZE2021,10510748,281791218507,26810,1354
Denmark,DNK2000,5340662,164158739098,30738,2485
Denmark,DNK2001,5360753,164791442543,30740,2525
Denmark,DNK2002,5378700,178635163717,33212,2728
Denmark,DNK2003,5396355,218096033517,40415,3283
Denmark,DNK2004,5415583,251373002954,46417,3810
Denmark,DNK2005,5436314,264467336457,48648,3933
Denmark,DNK2006,5457863,282884947703,51831,4006
Denmark,DNK2007,5479722,319423424509,58292,4439
Denmark,DNK2008,5502752,353361038818,64215,4801
Denmark,DNK2009,5526455,321241303699,58128,4911
Denmark,DNK2010,5550850,321995279402,58008,4965
Denmark,DNK2011,5576016,344003137611,61693,5235
Denmark,DNK2012,5600955,327148943812,58409,4228
Denmark,DNK2013,5625393,343584391648,61077,5188
Denmark,DNK2014,5650654,352993631618,62470,4769
Denmark,DNK2015,5677795,302673070847,53308,3737
Denmark,DNK2016,5706856,313115929314,54867,4220
Denmark,DNK2017,5737286,332121063806,57888,4119
Denmark,DNK2018,5766689,356841216410,61880,4515
Denmark,DNK2019,5795879,346498737962,59784,4337
Denmark,DNK2020,5825638,354762748339,60897,4500
Denmark,DNK2021,5854246,405687998853,69298,4109
Estonia,EST2000,1396881,5686579748,4071,217
Estonia,EST2001,1388000,6254649539,4506,236
Estonia,EST2002,1379241,7367975888,5342,290
Estonia,EST2003,1370663,9874013098,7204,380
Estonia,EST2004,1362489,12145911801,8915,435
Estonia,EST2005,1354665,14106790200,10413,501
Estonia,EST2006,1346711,17022870405,12640,740
Estonia,EST2007,1340576,22449129483,16746,774
Estonia,EST2008,1337013,24341678629,18206,998
Estonia,EST2009,1334557,19633031398,14711,877
Estonia,EST2010,1331535,19523477326,14662,809
Estonia,EST2011,1327435,23213994093,17488,877
Estonia,EST2012,1322682,23019150071,17403,821
Estonia,EST2013,1317985,25115753366,19056,923
Estonia,EST2014,1314531,26634083965,20261,890
Estonia,EST2015,1314658,22890762090,17412,896
Estonia,EST2016,1315928,24072829277,18293,944
Estonia,EST2017,1317550,26924385103,20435,1014
Estonia,EST2018,1322146,30624720196,23163,1214
Estonia,EST2019,1327039,31290453294,23579,1249
Estonia,EST2020,1329449,31330419851,23566,1301
Estonia,EST2021,1328704,36864792512,27745,1640
Finland,FIN2000,5176208,126019543413,24346,1390
Finland,FIN2001,5188007,129533107312,24968,1458
Finland,FIN2002,5200588,140404460203,26998,1624
Finland,FIN2003,5212991,171652458349,32928,2031
Finland,FIN2004,5228143,197479443979,37772,2326
Finland,FIN2005,5246070,204885494686,39055,2353
Finland,FIN2006,5266249,217089269792,41223,2444
Finland,FIN2007,5288694,256378067752,48477,2749
Finland,FIN2008,5313358,285716311137,53773,3135
Finland,FIN2009,5338813,253497520829,47482,3067
Finland,FIN2010,5363279,249424310817,46506,3025
Finland,FIN2011,5388173,275604356167,51150,3297
Finland,FIN2012,5413865,258290060228,47709,3410
Finland,FIN2013,5438873,271362405891,49893,3554
Finland,FIN2014,5461436,274862826772,50328,3574
Finland,FIN2015,5479457,234534382385,42802,3010
Finland,FIN2016,5495217,240771351299,43815,3002
Finland,FIN2017,5508146,255647979916,46413,2953
Finland,FIN2018,5515465,275708001768,49988,3137
Finland,FIN2019,5521539,268514916973,48630,3121
Finland,FIN2020,5529468,271886077382,49170,3262
Finland,FIN2021,5535982,296470417085,53553,3058
France,FRA2005,60510080,2196945232436,36307,2003
France,FRA2006,60919152,2320536221305,38092,2086
France,FRA2007,61329380,2660591246212,43382,2299
France,FRA2008,61721004,2930303780828,47477,2559
France,FRA2009,62093300,2700887366932,43497,2466
France,FRA2010,62444568,2645187882117,42361,2389
France,FRA2011,62775272,2865157541994,45641,2501
France,FRA2012,63071412,2683671716967,42550,2336
France,FRA2013,63335180,2811876903329,44397,2437
France,FRA2014,63588496,2855964488590,44913,2466
France,FRA2015,63809768,2439188643163,38226,2083
France,FRA2016,63989320,2472964344587,38647,2091
France,FRA2017,64144092,2595151045198,40458,2206
France,FRA2018,64277812,2790956878747,43420,2348
France,FRA2019,64399760,2728870246706,42374,2269
France,FRA2020,64480052,2647418691598,41058,2331
France,FRA2021,64531448,2959355819171,45859,2403
Germany,DEU2005,81212168,2846864211175,35055,1440
Germany,DEU2006,81177816,2994703642024,36891,1485
Germany,DEU2007,81183832,3425578382922,42195,1654
Germany,DEU2008,81217488,3745264093617,46114,2098
Germany,DEU2009,81260624,3411261212652,41979,1822
Germany,DEU2010,81325088,3399667820000,41803,2130
Germany,DEU2011,81423384,3749314991051,46047,2295
Germany,DEU2012,81545568,3527143188785,43254,2132
Germany,DEU2013,81680592,3733804649549,45712,2256
Germany,DEU2014,81858824,3889093051024,47510,2338
Germany,DEU2015,82073232,3357585719352,40910,1986
Germany,DEU2016,82331432,3469853463946,42145,2039
Germany,DEU2017,82624368,3690849152518,44670,2176
Germany,DEU2018,82896696,3974443355020,47945,2387
Germany,DEU2019,83148144,3889177589255,46774,2393
Germany,DEU2020,83328992,3887727161914,46655,2607
Germany,DEU2021,83408560,4278503934690,51296,2313
Greece,GRC2000,11038112,130457756628,11819,382
Greece,GRC2001,11072182,136309295225,12311,414
Greece,GRC2002,11096620,154564203587,13929,477
Greece,GRC2003,11110488,202370140236,18214,625
Greece,GRC2004,11115089,240963562236,21679,795
Greece,GRC2005,11113450,247875422204,22304,884
Greece,GRC2006,11106097,273546728473,24630,898
Greece,GRC2007,11091491,318902829551,28752,1032
Greece,GRC2008,11073621,355908689477,32140,1212
Greece,GRC2009,11055503,331308500253,29968,1238
Greece,GRC2010,11033784,297124961972,26929,1115
Greece,GRC2011,11004730,282995942007,25716,1162
Greece,GRC2012,10963633,242029307133,22076,1011
Greece,GRC2013,10914501,238907690051,21889,985
Greece,GRC2014,10862972,235458133125,21675,936
Greece,GRC2015,10806644,195683527003,18108,663
Greece,GRC2016,10749742,193148146587,17968,722
Greece,GRC2017,10692230,199844406014,18691,650
Greece,GRC2018,10633275,212049447242,19942,717
Greece,GRC2019,10574026,205252760889,19411,696
Greece,GRC2020,10512232,188480337286,17930,809
Greece,GRC2021,10445368,214667807441,20551,841
Hungary,HUN2000,10202054,47218405892,4628,225
Hungary,HUN2001,10177955,53749989092,5281,260
Hungary,HUN2002,10148404,67608919144,6662,345
Hungary,HUN2003,10118060,85285062818,8429,488
Hungary,HUN2004,10094499,104120820259,10315,550
Hungary,HUN2005,10073533,113211158293,11238,598
Hungary,HUN2006,10057063,115715618613,11506,609
Hungary,HUN2007,10041171,140186716681,13961,717
Hungary,HUN2008,10023508,158325614581,15795,785
Hungary,HUN2009,10008581,131069255621,13096,648
Hungary,HUN2010,9986832,132175349954,13235,625
Hungary,HUN2011,9953247,141942264554,14261,651
Hungary,HUN2012,9922133,128814279315,12983,538
Hungary,HUN2013,9894637,135684315698,13713,574
Hungary,HUN2014,9867906,141033843266,14292,658
Hungary,HUN2015,9844250,125174166987,12715,572
Hungary,HUN2016,9815106,128609822750,13103,605
Hungary,HUN2017,9788940,143112196040,14620,679
Hungary,HUN2018,9776361,160565642984,16424,759
Hungary,HUN2019,9771799,164020460332,16785,709
Hungary,HUN2020,9750571,157288955508,16131,670
Hungary,HUN2021,9709784,182109999478,18755,940
Iceland,ISL2000,281469,9025660362,32066,2062
Iceland,ISL2001,285245,8234846805,28869,1936
Iceland,ISL2002,287799,9318395055,32378,2363
Iceland,ISL2003,289806,11429333038,39438,2857
Iceland,ISL2004,292364,13825302536,47288,3386
Iceland,ISL2005,297037,16852963067,56737,4164
Iceland,ISL2006,304086,17465318552,57435,4133
Iceland,ISL2007,311859,21652505597,69430,4821
Iceland,ISL2008,317722,18074622987,56888,4003
Iceland,ISL2009,318809,13154414219,41261,2967
Iceland,ISL2010,318346,13751161918,43196,3000
Iceland,ISL2011,319308,15221622926,47671,3237
Iceland,ISL2012,320988,14751508134,45957,3485
Iceland,ISL2013,324036,16125060515,49763,3707
Iceland,ISL2014,327650,17867662178,54533,4167
Iceland,ISL2015,331068,17517210519,52911,3946
Iceland,ISL2016,335677,20793168031,61944,4604
Iceland,ISL2017,343641,24728285177,71960,5457
Iceland,ISL2018,352951,26260850582,74404,5628
Iceland,ISL2019,360787,24681343649,68410,5204
Iceland,ISL2020,366682,21629953194,58988,5082
Iceland,ISL2021,370338,25797870984,69660,5357
Indonesia,IDN2008,237936544,510228634991,2144,62
Indonesia,IDN2009,240981296,539580085616,2239,79
Indonesia,IDN2010,244016176,755094157622,3094,87
Indonesia,IDN2011,247099696,892969104563,3614,115
Indonesia,IDN2012,250222688,917869913333,3668,125
Indonesia,IDN2013,253275920,912524136718,3603,121
Indonesia,IDN2014,256229760,890814755534,3477,114
Indonesia,IDN2015,259091968,860854232686,3323,119
Indonesia,IDN2016,261850176,931877364038,3559,127
Indonesia,IDN2017,264498848,1015618744160,3840,103
Indonesia,IDN2018,267066848,1042271532989,3903,107
Indonesia,IDN2019,269582880,1119099871350,4151,118
Indonesia,IDN2020,271857984,1059054842698,3896,136
Indonesia,IDN2021,273753184,1186509691087,4334,132
Ireland,IRL2000,3768954,100207610430,26588,1099
Ireland,IRL2001,3829019,109346669230,28557,1167
Ireland,IRL2002,3894256,128596035288,33022,1356
Ireland,IRL2003,3958706,164670771260,41597,1749
Ireland,IRL2004,4031961,194372115041,48208,2161
Ireland,IRL2005,4121220,211876989656,51411,2323
Ireland,IRL2006,4234809,232180617162,54827,2493
Ireland,IRL2007,4359841,270079279420,61947,2921
Ireland,IRL2008,4452393,275447471451,61865,3377
Ireland,IRL2009,4499797,236443115854,52545,3235
Ireland,IRL2018,4834506,386693357874,79986,2709
Ireland,IRL2020,4946123,428608687830,86655,2835
Ireland,IRL2021,4986525,513391778883,102956,3017
Israel,ISR2000,6116955,136035771712,22239,1324
Israel,ISR2001,6237984,134635822099,21583,1337
Israel,ISR2002,6356697,125060622863,19674,1232
Israel,ISR2003,6475917,131299915900,20275,1245
Israel,ISR2004,6595990,139973148371,21221,1221
Israel,ISR2005,6714119,147083996034,21907,1223
Israel,ISR2006,6832082,158670456933,23224,1299
Israel,ISR2007,6952007,184052121662,26475,1416
Israel,ISR2008,7074530,220531065217,31173,1691
Israel,ISR2009,7199704,211970040943,29441,1583
Israel,ISR2010,7328439,238364092298,32526,1767
Israel,ISR2011,7459750,266791854431,35764,1951
Israel,ISR2012,7592099,262282344092,34547,1931
Israel,ISR2013,7726675,297732778479,38533,2229
Israel,ISR2014,7863849,314330061977,39972,2280
Israel,ISR2015,8007777,303414276832,37890,2197
Israel,ISR2016,8159015,322102790387,39478,2290
Israel,ISR2017,8309256,358245427459,43114,2590
Israel,ISR2018,8456487,376691526553,44545,2701
Israel,ISR2019,8607922,402470513619,46756,2832
Israel,ISR2020,8757487,413267669232,47190,3050
Israel,ISR2021,8900057,488526545879,54890,3623
Italy,ITA2000,56966400,1146676894210,20129,864
Italy,ITA2001,56994992,1168023426056,20493,953
Italy,ITA2002,57107576,1276769338449,22357,991
Italy,ITA2003,57425176,1577621707051,27473,1248
Italy,ITA2004,57860664,1806542968546,31222,1369
Italy,ITA2005,58199876,1858217147204,31928,1353
Italy,ITA2006,58429904,1949551719390,33366,1510
Italy,ITA2007,58778480,2213102482751,37652,1546
Italy,ITA2008,59224228,2408655348719,40670,1785
Italy,ITA2009,59562844,2199928804119,36935,1671
Italy,ITA2010,59822452,2136099955237,35707,1548
Italy,ITA2011,60025952,2294994296590,38233,1574
Italy,ITA2012,60190152,2086957656822,34673,1406
Italy,ITA2013,60312600,2141924094299,35514,1472
Italy,ITA2014,60322792,2162009615997,35841,1456
Italy,ITA2015,60232908,1836637711061,30492,1242
Italy,ITA2016,60118628,1877071687634,31223,1191
Italy,ITA2017,60004024,1961796197354,32694,1322
Italy,ITA2018,59877432,2091932426267,34937,1487
Italy,ITA2019,59727936,2011302198827,33674,1379
Italy,ITA2020,59500576,1897461635592,31890,1417
Italy,ITA2021,59240336,2154875493745,36375,1462
Japan,JPN2005,127798376,4831467035390,37805,1253
Japan,JPN2006,127902168,4601663122650,35978,1179
Japan,JPN2007,128006424,4579750920355,35778,1173
Japan,JPN2008,128077632,5106679115127,39872,1305
Japan,JPN2009,128117040,5289493117994,41286,1561
Japan,JPN2010,128105432,5759071769013,44956,1618
Japan,JPN2011,128007256,6233147172341,48694,1756
Japan,JPN2012,127853688,6272362996105,49059,1678
Japan,JPN2013,127678920,5212328181166,40824,1392
Japan,JPN2014,127476728,4896994405353,38415,1312
Japan,JPN2015,127250936,4444930651964,34930,1157
Japan,JPN2016,126993856,5003677627544,39401,1240
Japan,JPN2017,126662464,4930837369151,38929,1219
Japan,JPN2018,126255872,5040880939325,39926,1229
Japan,JPN2019,125791680,5117993853017,40686,1284
Japan,JPN2020,125244760,5055587093502,40366,1335
Japan,JPN2021,124612528,5034620784585,40402,1398
Jordan,JOR2016,9964659,39892551127,4003,138
Jordan,JOR2017,10215384,41608435915,4073,131
Jordan,JOR2018,10459864,43370860704,4146,123
Jordan,JOR2019,10698682,44502816901,4160,124
Jordan,JOR2021,11148288,46296100141,4153,134
Latvia,LVA2000,2392536,7958852839,3327,175
Latvia,LVA2001,2359255,8362398702,3545,193
Latvia,LVA2002,2326150,9557031605,4109,230
Latvia,LVA2003,2294342,11771975157,5131,259
Latvia,LVA2004,2263453,14435700533,6378,308
Latvia,LVA2005,2233165,17003459863,7614,403
Latvia,LVA2006,2203917,21570076499,9787,458
Latvia,LVA2007,2176059,31054350978,14271,661
Latvia,LVA2008,2150411,35854274229,16673,895
Latvia,LVA2009,2126268,26410909091,12421,686
Latvia,LVA2010,2101537,23956163077,11399,574
Latvia,LVA2011,2076974,27474380566,13228,671
Latvia,LVA2012,2053635,28169902669,13717,903
Latvia,LVA2013,2031491,30204783462,14868,1040
Latvia,LVA2014,2011040,31386896487,15607,824
Latvia,LVA2015,1991951,27263090547,13687,723
Latvia,LVA2016,1973477,28083597512,14231,663
Latvia,LVA2017,1954861,30483806018,15594,681
Latvia,LVA2018,1935632,34429023435,17787,755
Latvia,LVA2019,1916552,34225547537,17858,789
Latvia,LVA2020,1897057,34390910339,18129,874
Latvia,LVA2021,1873926,39443126174,21048,1183
Lithuania,LTU2001,3560145,12237388002,3437,201
Lithuania,LTU2002,3515799,14259781159,4056,235
Lithuania,LTU2003,3469683,18781721376,5413,277
Lithuania,LTU2004,3422593,22627507452,6611,342
Lithuania,LTU2005,3373536,26097677572,7736,377
Lithuania,LTU2006,3322937,30183575104,9083,438
Lithuania,LTU2007,3272416,39697891352,12131,557
Lithuania,LTU2008,3224384,47797551588,14824,717
Lithuania,LTU2009,3180482,37388122046,11755,657
Lithuania,LTU2010,3139021,37128694028,11828,627
Lithuania,LTU2011,3099800,43535051482,14044,718
Lithuania,LTU2012,3063340,42927454291,14013,667
Lithuania,LTU2013,3028191,46523420074,15363,707
Lithuania,LTU2014,2994928,48533659592,16205,727
Lithuania,LTU2015,2963764,41435533340,13981,591
Lithuania,LTU2016,2933676,43047309306,14674,588
Lithuania,LTU2017,2904452,47758736932,16443,627
Lithuania,LTU2018,2876128,53751411409,18689,728
Lithuania,LTU2019,2849083,54808531641,19237,763
Lithuania,LTU2020,2820269,56964942999,20198,911
Lithuania,LTU2021,2786652,66798933786,23971,1139
Mexico,MEX2000,97873448,742061329643,7582,303
Mexico,MEX2001,99394288,796064590656,8009,340
Mexico,MEX2002,100917080,810666116505,8033,358
Mexico,MEX2003,102429344,765549967703,7474,379
Mexico,MEX2004,103945816,819459227375,7884,373
Mexico,MEX2005,105442400,917571853529,8702,422
Mexico,MEX2006,106886792,1020265057882,9545,449
Mexico,MEX2007,108302976,1102355554972,10178,477
Mexico,MEX2008,109684496,1161553459715,10590,510
Mexico,MEX2009,111049424,943437415025,8496,441
Mexico,MEX2010,112532400,1105424238731,9823,507
Mexico,MEX2011,114150480,1229013703417,10767,550
Mexico,MEX2012,115755912,1255110424818,10843,553
Mexico,MEX2013,117290680,1327436290283,11317,531
Mexico,MEX2014,118755888,1364507717614,11490,604
Mexico,MEX2015,120149896,1213294467717,10098,528
Mexico,MEX2016,121519224,1112233497453,9153,449
Mexico,MEX2017,122839256,1190721475906,9693,438
Mexico,MEX2018,124013864,1256300182880,10130,431
Mexico,MEX2020,125998296,1120832412469,8896,411
Netherlands,NLD2000,15899138,417479337445,26258,1204
Netherlands,NLD2001,15981630,431586852370,27005,1269
Netherlands,NLD2002,16057042,473861980071,29511,1418
Netherlands,NLD2003,16127574,580070360702,35968,1813
Netherlands,NLD2004,16196036,658380081545,40651,2058
Netherlands,NLD2005,16261834,685348181516,42145,2153
Netherlands,NLD2006,16325679,733955269899,44957,2268
Netherlands,NLD2007,16391232,848558887541,51769,2530
Netherlands,NLD2008,16460775,951869997864,57827,2908
Netherlands,NLD2009,16536200,871518638049,52704,2863
Netherlands,NLD2010,16617121,847380859017,50994,2799
Netherlands,NLD2011,16701470,905270626333,54203,2961
Netherlands,NLD2012,16785296,838923319920,49980,2704
Netherlands,NLD2013,16867352,877172824535,52004,2874
Netherlands,NLD2014,16954080,892167986714,52623,2873
Netherlands,NLD2015,17041110,765572770634,44925,2403
Netherlands,NLD2016,17124512,784060430240,45786,2509
Netherlands,NLD2017,17207204,833869641687,48460,2508
Netherlands,NLD2018,17286042,914043438180,52878,2833
Netherlands,NLD2019,17363260,910194347569,52421,2705
Netherlands,NLD2020,17434562,909793466661,52183,2830
Netherlands,NLD2021,17501696,1029678338329,58833,2971
New Zealand,NZL2009,4302884,121373602349,28208,1846
New Zealand,NZL2010,4346345,146517541181,33711,2224
New Zealand,NZL2011,4381274,168295307149,38412,2516
New Zealand,NZL2012,4410285,176210710655,39954,2609
New Zealand,NZL2013,4450641,190909855416,42895,2526
New Zealand,NZL2014,4514198,201337554959,44601,2709
New Zealand,NZL2015,4590591,178104220785,38798,2215
New Zealand,NZL2016,4668088,188898209220,40466,2229
New Zealand,NZL2017,4746253,206566916732,43522,2298
New Zealand,NZL2018,4838528,211846555691,43783,2273
New Zealand,NZL2019,4959033,212846907683,42921,2220
New Zealand,NZL2020,5061130,212697530898,42026,2377
New Zealand,NZL2021,5129730,253644079785,49446,2740
North Macedonia,MKD2002,2064739,4018365747,1946,64
Norway,NOR2000,4491204,171457201936,38176,2466
Norway,NOR2001,4514019,174239354071,38600,2633
Norway,NOR2002,4538435,195914852576,43168,3204
Norway,NOR2003,4565167,229385469337,50247,3718
Norway,NOR2004,4592284,265268662473,57764,4204
Norway,NOR2005,4623691,309978579744,67041,4586
Norway,NOR2006,4661081,346915160682,74428,4732
Norway,NOR2007,4709582,402643260488,85494,5563
Norway,NOR2008,4768654,464917553191,97495,6093
Norway,NOR2009,4829195,387976400617,80340,5681
Norway,NOR2010,4889747,431052143940,88154,5916
Norway,NOR2011,4953565,501360549669,101212,6493
Norway,NOR2012,5019058,512777309841,102166,7486
Norway,NOR2013,5080667,526014468085,103533,7702
Norway,NOR2014,5137926,501736471833,97654,7465
Norway,NOR2015,5190357,388159512246,74785,5626
Norway,NOR2016,5236591,370956547619,70839,5656
Norway,NOR2017,5277396,401745275035,76126,5973
Norway,NOR2018,5312321,439788625884,82787,6288
Norway,NOR2019,5348285,408742840909,76425,6010
Norway,NOR2020,5379836,367633418887,68335,5722
Norway,NOR2021,5403021,503367986030,93164,4621
Poland,POL2000,38504432,172220451787,4473,223
Poland,POL2001,38662860,190905493539,4938,263
Poland,POL2002,38647476,199070448695,5151,277
Poland,POL2003,38621536,217828661057,5640,300
Poland,POL2004,38596040,255107252159,6610,354
Poland,POL2005,38575912,306145944825,7936,431
Poland,POL2006,38547180,344626667414,8940,466
Poland,POL2007,38521868,429020755433,11137,542
Poland,POL2008,38522884,533599779516,13852,698
Poland,POL2009,38555288,439731589139,11405,569
Poland,POL2010,38597356,475696613936,12325,629
Poland,POL2011,38620848,524374183218,13577,660
Poland,POL2012,38625872,495230523666,12821,623
Poland,POL2013,38607352,515761954074,13359,671
Poland,POL2014,38581880,539080475074,13972,694
Poland,POL2015,38553148,477111287969,12375,596
Poland,POL2016,38532108,470024599376,12198,568
Poland,POL2017,38532816,524641252835,13615,623
Poland,POL2018,38521464,588779796424,15284,704
Poland,POL2019,38493600,596058473059,15485,724
Poland,POL2020,38428368,599442732365,15599,757
Poland,POL2021,38307724,681346077609,17786,875
Portugal,PRT2000,10300632,118605192877,11514,595
Portugal,PRT2001,10371815,121604107165,11724,626
Portugal,PRT2002,10430913,134795565549,12923,680
Portugal,PRT2003,10473345,165226175537,15776,833
Portugal,PRT2004,10501523,189382122532,18034,910
Portugal,PRT2005,10523314,197253876705,18744,951
Portugal,PRT2006,10543946,208756449276,19799,972
Portugal,PRT2007,10565547,240496147317,22762,1120
Portugal,PRT2008,10580963,263416394624,24895,1169
Portugal,PRT2009,10591341,244667762836,23101,1285
Portugal,PRT2010,10588401,238113003233,22488,1217
Portugal,PRT2011,10564820,245117990242,23201,1189
Portugal,PRT2012,10522085,216224240578,20550,1017
Portugal,PRT2013,10464537,226433858006,21638,1141
Portugal,PRT2014,10408379,229901964222,22088,1132
Portugal,PRT2015,10365436,199394066525,19236,940
Portugal,PRT2016,10332751,206426152309,19978,953
Portugal,PRT2017,10307528,221357874719,21475,1077
Portugal,PRT2018,10289833,242313116578,23549,1101
Portugal,PRT2019,10289921,239986922639,23323,1080
Portugal,PRT2020,10298186,229031860521,22240,1085
Portugal,PRT2021,10290109,255534839406,24833,1145
Qatar,QAT2000,645947,17759890110,27494,1024
Qatar,QAT2001,678838,17538461538,25836,827
Qatar,QAT2002,713195,19363736264,27151,1044
Qatar,QAT2003,748535,23533791209,31440,1061
Qatar,QAT2004,777951,31734065934,40792,1412
Qatar,QAT2005,848718,44530494505,52468,2084
Qatar,QAT2008,1444287,115270054945,79811,3374
Qatar,QAT2009,1610281,97798351648,60734,2073
Qatar,QAT2010,1713512,125122306346,73021,3315
Qatar,QAT2011,1804175,167775268626,92993,3731
Qatar,QAT2012,1905670,186833502363,98041,3439
Qatar,QAT2013,2035509,198727642967,97630,3977
Qatar,QAT2014,2214471,206224598571,93126,3358
Qatar,QAT2017,2711764,161099122225,59408,1763
Qatar,QAT2019,2807242,176371267692,62827,1762
Qatar,QAT2020,2760390,144411363352,52316,1692
Romania,ROU2000,21919882,37253739511,1700,49
Romania,ROU2001,21797588,40395116581,1853,61
Romania,ROU2002,21653530,46065502703,2127,75
Romania,ROU2003,21481322,57806384143,2691,95
Romania,ROU2004,21289292,74973656852,3522,117
Romania,ROU2005,21092264,98454380120,4668,163
Romania,ROU2006,20909406,122023735993,5836,251
Romania,ROU2007,20744226,174588782939,8416,349
Romania,ROU2008,20597516,214317202478,10405,426
Romania,ROU2009,20466318,174102268535,8507,340
Romania,ROU2010,20335212,170029359011,8361,286
Romania,ROU2011,20220286,192613579706,9526,278
Romania,ROU2012,20137112,179132893143,8896,251
Romania,ROU2013,20066550,189789258566,9458,290
Romania,ROU2014,19995836,199713780259,9988,312
Romania,ROU2015,19906078,177883883009,8936,278
Romania,ROU2016,19797820,185287630540,9359,283
Romania,ROU2017,19698852,210147163770,10668,333
Romania,ROU2018,19606778,243316029944,12410,412
Romania,ROU2019,19524212,251017797625,12857,459
Romania,ROU2020,19442040,251362514350,12929,464
Romania,ROU2021,19328558,285810244502,14787,481
Serbia,SRB2007,7758181,43170990616,5565,234
Serbia,SRB2008,7722801,52194221469,6758,289
Serbia,SRB2009,7688037,45162894381,5874,263
Serbia,SRB2010,7653749,41819468692,5464,213
Serbia,SRB2011,7620925,49258136129,6464,274
Serbia,SRB2012,7591357,43309252921,5705,220
Serbia,SRB2016,7493288,40692661657,5431,197
Serbia,SRB2017,7464882,44179075779,5918,220
Serbia,SRB2018,7433825,50640662859,6812,244
Serbia,SRB2019,7401056,51514242939,6960,252
Serbia,SRB2021,7296771,63101042898,8648,285
Slovenia,SVN2001,1982489,20876309970,10530,606
Slovenia,SVN2002,1983769,23489890274,11841,672
Slovenia,SVN2003,1989413,29634713641,14896,850
Slovenia,SVN2004,1996731,34414784504,17236,973
Slovenia,SVN2005,2004780,36206395971,18060,1012
Slovenia,SVN2006,2013577,39481045038,19607,1096
Slovenia,SVN2007,2023230,48067401207,23758,1216
Slovenia,SVN2008,2034037,55779427740,27423,1401
Slovenia,SVN2009,2045578,50567734886,24721,1373
Slovenia,SVN2010,2057294,48208240226,23433,1299
Slovenia,SVN2011,2065457,51583869785,24975,1384
Slovenia,SVN2012,2069365,46577793184,22508,1265
Slovenia,SVN2013,2072374,48415657265,23362,1263
Slovenia,SVN2014,2074923,49997186439,24096,1275
Slovenia,SVN2015,2080865,43107506024,20716,1017
Slovenia,SVN2016,2090020,44766722791,21419,1027
Slovenia,SVN2017,2098396,48589100043,23155,1107
Slovenia,SVN2018,2105931,54177882426,25726,1269
Slovenia,SVN2019,2112905,54386654314,25740,1260
Slovenia,SVN2020,2117648,53734526854,25375,1367
Slovenia,SVN2021,2119408,61832201544,29174,1651
Spain,ESP2000,40741652,598363313495,14687,612
Spain,ESP2001,40966448,627830029412,15325,630
Spain,ESP2002,41477652,708756677089,17088,707
Spain,ESP2003,42230268,907491523174,21489,897
Spain,ESP2004,42959672,1069055675274,24885,1035
Spain,ESP2005,43685372,1153715822718,26410,1095
Spain,ESP2006,44422824,1260398977832,28373,1187
Spain,ESP2007,45245784,1474002579820,32578,1386
Spain,ESP2008,45966544,1631863493552,35501,1608
Spain,ESP2009,46367772,1491472923707,32166,1580
Spain,ESP2010,46572776,1422108199783,30535,1483
Spain,ESP2011,46729232,1480710495710,31687,1502
Spain,ESP2012,46756084,1324750738725,28333,1270
Spain,ESP2013,46603460,1355579535913,29088,1265
Spain,ESP2014,46464548,1371820537889,29524,1270
Spain,ESP2015,46431344,1196156971280,25762,1104
Spain,ESP2016,46473320,1233554967012,26543,1122
Spain,ESP2017,46584168,1313245330198,28191,1186
Spain,ESP2018,46792044,1421702715218,30383,1270
Spain,ESP2019,47131372,1394320055129,29584,1251
Spain,ESP2020,47363808,1278128867875,26985,1322
Spain,ESP2021,47486932,1445651653605,30443,1385
Sweden,SWE2000,8871042,262835454367,29628,1997
Sweden,SWE2001,8896748,242395852494,27245,1803
Sweden,SWE2002,8926011,266849061836,29896,2070
Sweden,SWE2003,8961506,334337212322,37308,2534
Sweden,SWE2004,9004263,385118044877,42771,2850
Sweden,SWE2005,9051739,392218088879,43331,2819
Sweden,SWE2006,9104724,423093437424,46470,2957
Sweden,SWE2007,9164274,491252589217,53605,3308
Sweden,SWE2008,9229282,517706149201,56094,3559
Sweden,SWE2009,9301413,436537014294,46932,3168
Sweden,SWE2010,9381722,495812558843,52849,3447
Sweden,SWE2011,9467384,574094112973,60639,3861
Sweden,SWE2012,9555984,552483727283,57815,4358
Sweden,SWE2013,9648935,586841821797,60819,4629
Sweden,SWE2014,9747507,581964017237,59704,4522
Sweden,SWE2015,9849344,505103781350,51283,3817
Sweden,SWE2016,9953322,515654671470,51807,3947
Sweden,SWE2017,10058191,541018749769,53789,4071
Sweden,SWE2018,10162300,555455371487,54658,4176
Sweden,SWE2019,10267922,533879529188,51995,3972
Sweden,SWE2020,10368968,547054174236,52759,4181
Sweden,SWE2021,10467095,639714956069,61117,4064
Switzerland,CHE2000,7182052,279216033870,38877,1811
Switzerland,CHE2001,7224413,286582672434,39669,1913
Switzerland,CHE2002,7276479,309301422430,42507,2201
Switzerland,CHE2003,7330729,362075086508,49391,2659
Switzerland,CHE2004,7381153,403912891033,54722,2908
Switzerland,CHE2005,7428437,418284865885,56309,2863
Switzerland,CHE2006,7475014,441634672197,59081,2860
Switzerland,CHE2007,7541909,490740715595,65069,2983
Switzerland,CHE2008,7638288,567267767519,74266,3533
Switzerland,CHE2009,7734402,554212916092,71656,3529
Switzerland,CHE2010,7822444,598851028907,76555,3676
Switzerland,CHE2011,7910988,715888126682,90493,4395
Switzerland,CHE2012,7995738,686420221558,85848,4205
Switzerland,CHE2013,8088370,706234937371,87315,4291
Switzerland,CHE2014,8187792,726537808338,88734,4375
Switzerland,CHE2015,8281735,694118186380,83813,4187
Switzerland,CHE2016,8372902,687895460903,82157,4093
Switzerland,CHE2017,8451688,695200833086,82256,4127
Switzerland,CHE2018,8514431,725568717468,85216,4201
Switzerland,CHE2019,8575593,721369112727,84119,4218
Switzerland,CHE2020,8638609,741999406006,85893,4545
Switzerland,CHE2021,8691409,813408787222,93588,5250
Thailand,THA2013,69578600,420333654593,6041,231
Thailand,THA2014,69960944,407339040198,5822,228
Thailand,THA2015,70294408,401296238228,5709,221
Thailand,THA2016,70607032,413366349748,5854,221
Thailand,THA2017,70898208,456356813537,6437,223
Thailand,THA2018,71127808,506754208404,7125,228
Thailand,THA2019,71307768,543976691794,7629,231
Thailand,THA2020,71475664,500461898480,7002,221
Thailand,THA2021,71601104,506256494297,7071,211
Turkey,TUR2008,71320728,770449132861,10803,359
Turkey,TUR2009,72225648,649289324628,8990,338
Turkey,TUR2010,73195352,776967266306,10615,402
Turkey,TUR2011,74173856,838785289694,11308,477
Turkey,TUR2012,75277440,880555885492,11697,513
Turkey,TUR2013,76576120,957799120008,12508,543
Turkey,TUR2014,78112064,938934609297,12020,530
Turkey,TUR2015,79646176,864313810469,10852,469
Turkey,TUR2016,81019400,869682881593,10734,497
Turkey,TUR2017,82089824,858988492854,10464,452
Turkey,TUR2018,82809304,778972199728,9407,404
Turkey,TUR2019,83481688,761005946788,9116,406
Turkey,TUR2020,84135432,720338498175,8562,343
Turkey,TUR2021,84775408,819865253670,9671,275
United Kingdom,GBR2000,58850044,1665534876683,28301,1136
United Kingdom,GBR2001,59092016,1649827263567,27920,1144
United Kingdom,GBR2002,59355688,1785729916067,30085,1388
United Kingdom,GBR2003,59649800,2054422857143,34441,1654
United Kingdom,GBR2004,59995852,2421525082387,40362,1909
United Kingdom,GBR2005,60383740,2543180000000,42117,2075
United Kingdom,GBR2006,60803700,2708441582337,44544,2215
United Kingdom,GBR2007,61260680,3090510204082,50449,2483
United Kingdom,GBR2008,61742152,2929411764706,47446,2328
United Kingdom,GBR2009,62243384,2412840006232,38765,1961
United Kingdom,GBR2010,62760048,2485482596185,39603,2252
United Kingdom,GBR2011,63286360,2663805834828,42091,2340
United Kingdom,GBR2012,63808728,2707089726615,42425,2372
United Kingdom,GBR2013,64302296,2784853502534,43309,2394
United Kingdom,GBR2014,64773504,3064708247921,47314,2649
United Kingdom,GBR2015,65224368,2927911140917,44890,2493
United Kingdom,GBR2016,65655204,2689106566900,40958,2218
United Kingdom,GBR2017,66064808,2680148052335,40568,2203
United Kingdom,GBR2018,66432996,2871340347582,43222,2247
United Kingdom,GBR2019,66778660,2851407164908,42699,2241
United Kingdom,GBR2020,67059472,2697806592294,40230,2212
United Kingdom,GBR2021,67281040,3141506156619,46692,2521
United States of America,USA2005,296842656,13039197000000,43926,2711
United States of America,USA2006,299753088,13815583000000,46090,2841
United States of America,USA2007,302743392,14474228000000,47810,2983
United States of America,USA2008,305694912,14769862000000,48316,3112
United States of America,USA2009,308512032,14478067000000,46929,3163
United States of America,USA2010,311182848,15048971000000,48361,3235
United States of America,USA2011,313876608,15599732000000,49700,3231
United States of America,USA2012,316651328,16253970000000,51331,3208
United States of America,USA2013,319375168,16880683000000,52855,3282
United States of America,USA2014,322033952,17608138000000,54678,3335
United States of America,USA2015,324607776,18295019000000,56360,2788
United States of America,USA2016,327210208,18804913000000,57470,2762
United States of America,USA2017,329791232,19612102000000,59468,3046
United States of America,USA2018,332140032,20656516000000,62192,3065
United States of America,USA2019,334319680,21521395000000,64374,3210
United States of America,USA2020,335942016,21322950000000,63472,3450
Uruguay,URY2000,3292227,22823270892,6932,168
Uruguay,URY2001,3300938,20898761742,6331,177
Uruguay,URY2002,3306446,13606515723,4115,96
Uruguay,URY2003,3310204,12045638352,3639,75
Uruguay,URY2004,3313804,13686329890,4130,103
Uruguay,URY2005,3317666,17362857684,5233,142
Uruguay,URY2006,3322282,19741420740,5942,170
Uruguay,URY2011,3361631,50342406067,14976,621
Uruguay,URY2013,3381187,61337621934,18141,769
Uruguay,URY2014,3391660,61496186974,18132,774
Uruguay,URY2015,3402820,57680327999,16951,713
Uruguay,URY2016,3413768,57480788380,16838,735
Uruguay,URY2017,3422205,65006047680,18995,839
Uruguay,URY2018,3427044,65344408987,19067,880
Uruguay,URY2019,3428412,62222387929,18149,842
Uruguay,URY2020,3429087,53668636568,15651,711
Uruguay,URY2021,3426265,60760798596,17734,783
World,OWID_WRL2000,6148898816,33839387350047,5503,209
World,OWID_WRL2001,6230747136,33626960202658,5397,212
World,OWID_WRL2002,6312407552,34917697037983,5532,215
World,OWID_WRL2003,6393898496,39152139289705,6123,252
World,OWID_WRL2004,6475751424,44116244570755,6813,269
World,OWID_WRL2005,6558176256,47760320738748,7283,297
World,OWID_WRL2006,6641416192,51749808632587,7792,324
World,OWID_WRL2007,6725948416,58314867929880,8670,356
World,OWID_WRL2008,6811597312,64072295929643,9406,406
World,OWID_WRL2009,6898306048,60718262754480,8802,398
World,OWID_WRL2010,6985603072,66514174634776,9522,413
World,OWID_WRL2011,7073125376,73957792909771,10456,443
World,OWID_WRL2012,7161697792,75603976718163,10557,461
World,OWID_WRL2013,7250593280,77751368312765,10723,467
World,OWID_WRL2014,7339013632,79894385759929,10886,468
World,OWID_WRL2015,7426597376,75359657218243,10147,442
World,OWID_WRL2016,7513474048,76588030455296,10193,432
World,OWID_WRL2017,7599822336,81550955754739,10731,457
World,OWID_WRL2018,7683789824,86686870786622,11282,469
World,OWID_WRL2019,7764951040,87945574337518,11326,468
World,OWID_WRL2020,7840952832,85577718250196,10914,485
World,OWID_WRL2021,7909295104,97527032881901,12331,522
